category,split,n_users,rmse,accuracy,recall@10,ndcg@10,map@10,recall@20,ndcg@20,map@20,recall@50,ndcg@50,map@50
Electronics,test,349,NaN,NaN,0.46440677966101696,0.20467397341974766,0.1280885122410546,0.7728813559322034,0.2784305917090358,0.14618420745381966,1.0,0.3273550128987563,0.15567007140836453
Beauty_and_Personal_Care,test,304,NaN,NaN,0.48695652173913045,0.1907080295627691,0.10494651483781918,0.9521739130434783,0.30756354724816815,0.13660838064509487,1.0,0.3181776746756149,0.13881052632550142
Sports_and_Outdoors,test,147,NaN,NaN,0.6153846153846154,0.31022057046437773,0.21703601953601956,0.9692307692307692,0.3995795686235674,0.2415248360369223,1.0,0.4063376970864457,0.24289448088482798
