category,split,n_users,rmse,accuracy,recall@10,ndcg@10,map@10,recall@20,ndcg@20,map@20,recall@50,ndcg@50,map@50
Electronics,test,675,NaN,NaN,0.21441441441441442,0.09775891869425249,0.0632975832975833,0.34054054054054056,0.12906086712743367,0.07160559357153784,0.6126126126126126,0.18266751606100112,0.08007188791205813
Beauty_and_Personal_Care,test,65,NaN,NaN,1.0,0.4723461625865227,0.3082399626517274,1.0,0.4723461625865227,0.3082399626517274,1.0,0.4723461625865227,0.3082399626517274
Sports_and_Outdoors,test,11,NaN,NaN,1.0,0.7523719014285831,0.6666666666666666,1.0,0.7523719014285831,0.6666666666666666,1.0,0.7523719014285831,0.6666666666666666
