category,split,n_users,rmse,accuracy,recall@10,ndcg@10,map@10,recall@20,ndcg@20,map@20,recall@50,ndcg@50,map@50
Electronics,test,675,0.8539393474437572,0.8222222222222222,0.19111111111111112,0.09100676710388624,0.060801881246325684,0.30518518518518517,0.11924236858691584,0.06823484127766893,0.6548148148148148,0.1882304615800239,0.07916720619349643
Beauty_and_Personal_Care,test,65,1.01024720118596,0.7846153846153846,1.0,0.45593901426377953,0.29102564102564105,1.0,0.45593901426377953,0.29102564102564105,1.0,0.45593901426377953,0.29102564102564105
Sports_and_Outdoors,test,11,0.4922732006419789,0.9090909090909091,1.0,0.8322407970779353,0.7727272727272727,1.0,0.8322407970779353,0.7727272727272727,1.0,0.8322407970779353,0.7727272727272727
