category,split,n_users,rmse,accuracy,recall@10,ndcg@10,map@10,recall@20,ndcg@20,map@20,recall@50,ndcg@50,map@50
Electronics,test,349,0.8193476442241698,0.8452722063037249,0.37249283667621774,0.16751745569009668,0.10638218037931503,0.7277936962750716,0.25538165125903833,0.12946347445424863,1.0,0.3140792843419527,0.14087476902737203
Beauty_and_Personal_Care,test,304,0.7575184382193271,0.756578947368421,0.4506578947368421,0.22603434336895942,0.15918180868838766,0.9013157894736842,0.3374531937565153,0.18841279156656174,1.0,0.3594465703836414,0.19301947873903838
Sports_and_Outdoors,test,147,0.8539463527618892,0.8843537414965986,0.3741496598639456,0.19679138971480148,0.14266547888996867,0.9047619047619048,0.3265454649043264,0.17599342621298772,1.0,0.34770738113701627,0.1803960530645942
