n_factors,NDCG@10,NDCG@20,NDCG@50,RECALL@10,RECALL@20,RECALL@50,MAP@10,MAP@20,MAP@50,RMSE,Accuracy,Train_Time
10,0.17079120452897323,0.25048678344599024,0.3191755524723584,0.3618421052631579,0.6820175438596491,1.0,0.11343984962406015,0.13466081955826537,0.1480657954832642,0.8170761385856316,0.8574561403508771,0.014422178268432617
20,0.12162581051524265,0.22693625818361265,0.29231251821947635,0.27631578947368424,0.6973684210526315,1.0,0.0756343984962406,0.10392556883818901,0.11668735475405577,0.817032678085461,0.8574561403508771,0.016232013702392578
