n_factors,NDCG@10,NDCG@20,NDCG@50,RECALL@10,RECALL@20,RECALL@50,MAP@10,MAP@20,MAP@50,RMSE,Accuracy,Train_Time
2,0.827767218333347,0.827767218333347,0.827767218333347,1.0,1.0,1.0,0.7666666666666667,0.7666666666666667,0.7666666666666667,0.5102738698323568,0.9333333333333333,0.0008809566497802734
