n_factors,NDCG@10,NDCG@20,NDCG@50,RECALL@10,RECALL@20,RECALL@50,MAP@10,MAP@20,MAP@50,RMSE,Accuracy,Train_Time
7,0.5214231186343525,0.5214231186343525,0.5214231186343525,1.0,1.0,1.0,0.37308802308802314,0.37308802308802314,0.37308802308802314,1.062515013145678,0.803030303030303,0.0012290477752685547
