n_factors,NDCG@10,NDCG@20,NDCG@50,RECALL@10,RECALL@20,RECALL@50,MAP@10,MAP@20,MAP@50,RMSE,Accuracy,Train_Time
10,0.21432961609061266,0.32735971974060535,0.3458953196273046,0.46130952380952384,0.9166666666666666,1.0,0.14061200869236584,0.17056664169010752,0.17443182412671854,0.7621319609344323,0.7678571428571429,0.0060138702392578125
20,0.15735530524310157,0.29809773201806733,0.3153080088283528,0.35119047619047616,0.9226190476190477,1.0,0.10045823885109599,0.13712415521764262,0.14071233291296317,0.7621071461647275,0.7678571428571429,0.00661778450012207
