n_factors,NDCG@10,NDCG@20,NDCG@50,RECALL@10,RECALL@20,RECALL@50,MAP@10,MAP@20,MAP@50,RMSE,Accuracy,Train_Time
10,0.20976006489968185,0.3163875187253058,0.35607631271696844,0.3821656050955414,0.821656050955414,1.0,0.15796683854008695,0.18493707494195555,0.1932228443742218,0.8631700905855886,0.9299363057324841,0.003371000289916992
20,0.1417220665023031,0.2847287838247796,0.32162171562437253,0.2484076433121019,0.8343949044585988,1.0,0.10956930542917802,0.14618924772737554,0.15390976500203293,0.8631121466029896,0.9299363057324841,0.005442142486572266
