category,split,n_users,rmse,accuracy,recall@10,ndcg@10,map@10,recall@20,ndcg@20,map@20,recall@50,ndcg@50,map@50
Electronics,test,675,0.676088826921251,0.8266666666666667,0.1511111111111111,0.07790901300884696,0.05543151087595531,0.2518518518518518,0.10265328747437155,0.061849316057434385,0.64,0.1785172509231216,0.07358624632640866
Beauty_and_Personal_Care,test,65,1.0379821703984187,0.7230769230769231,1.0,0.5073436760432233,0.3537728937728937,1.0,0.5073436760432233,0.3537728937728937,1.0,0.5073436760432233,0.3537728937728937
Sports_and_Outdoors,test,11,0.5454545454545454,0.8181818181818182,1.0,0.7315852753246964,0.6363636363636364,1.0,0.7315852753246964,0.6363636363636364,1.0,0.7315852753246964,0.6363636363636364
