category,split,n_users,rmse,accuracy,recall@10,ndcg@10,map@10,recall@20,ndcg@20,map@20,recall@50,ndcg@50,map@50
Electronics,test,349,0.8642160030961302,0.830945558739255,0.4040114613180516,0.20033866400211783,0.13753695365443216,0.7163323782234957,0.2770033251912511,0.15735200803141494,1.0,0.33828463926415625,0.16930881064724332
Beauty_and_Personal_Care,test,304,0.7774793967517496,0.7335526315789473,0.4309210526315789,0.1833923919119811,0.11004464285714285,0.9177631578947368,0.3033977376731043,0.14140085527443966,1.0,0.32173426615283673,0.1452456946455948
Sports_and_Outdoors,test,147,0.8643096060979933,0.8299319727891157,0.5578231292517006,0.2553755161142306,0.16563276104092428,0.9183673469387755,0.346523804964873,0.19068202033546067,1.0,0.36478617027841564,0.19453984051981146
