K,NDCG@10,NDCG@20,NDCG@50,RECALL@10,RECALL@20,RECALL@50,MAP@10,MAP@20,MAP@50,RMSE,Accuracy
10,0.4801975425560129,0.4801975425560129,0.4801975425560129,1.0,1.0,1.0,0.3200937950937951,0.3200937950937951,0.3200937950937951,0.9430137330835516,0.7878787878787878
20,0.47195778875542427,0.47195778875542427,0.47195778875542427,1.0,1.0,1.0,0.30923520923520925,0.30923520923520925,0.30923520923520925,0.9416222427830552,0.7878787878787878
50,0.48551665252675924,0.48551665252675924,0.48551665252675924,1.0,1.0,1.0,0.32766955266955267,0.32766955266955267,0.32766955266955267,0.9434550314238577,0.7878787878787878
100,0.48710930390693935,0.48710930390693935,0.48710930390693935,1.0,1.0,1.0,0.3294372294372295,0.3294372294372295,0.3294372294372295,0.9434493202151675,0.7878787878787878
150,0.48578951598674835,0.48578951598674835,0.48578951598674835,1.0,1.0,1.0,0.32766955266955267,0.32766955266955267,0.32766955266955267,0.943761717189442,0.7878787878787878
200,0.48578951598674835,0.48578951598674835,0.48578951598674835,1.0,1.0,1.0,0.32766955266955267,0.32766955266955267,0.32766955266955267,0.9438271378025864,0.7878787878787878
