K,NDCG@10,NDCG@20,NDCG@50,RECALL@10,RECALL@20,RECALL@50,MAP@10,MAP@20,MAP@50,RMSE,Accuracy
10,0.0650790858448993,0.09282704661471579,0.17400470105802138,0.13752913752913754,0.24825174825174826,0.6666666666666666,0.04310966810966811,0.050583355190783365,0.06287982166860534,0.615637094546587,0.8414918414918415
20,0.06952973148770455,0.09543146689896351,0.17633028347280882,0.14102564102564102,0.24475524475524477,0.6608391608391608,0.04781792281792281,0.05474749862198713,0.06707424388572038,0.6152902171884106,0.8414918414918415
50,0.0667981960882149,0.09435007468251319,0.1720916876109735,0.1386946386946387,0.2494172494172494,0.6491841491841492,0.04503413253413252,0.05235224380800167,0.06421577974820822,0.6158357150071151,0.8426573426573427
100,0.06765943336750835,0.09576230661121242,0.17222713968781653,0.13752913752913754,0.2494172494172494,0.6421911421911422,0.04638602138602138,0.053992447857193794,0.06568721875519326,0.615942155425643,0.8403263403263403
150,0.06926837494824191,0.09570217089690007,0.1710174599093459,0.14685314685314685,0.2529137529137529,0.6398601398601399,0.04578199578199578,0.05282753021689781,0.06433905047560523,0.616002105888509,0.8403263403263403
200,0.06921139309571031,0.09548200203109836,0.17304484244551602,0.1386946386946387,0.24358974358974358,0.6410256410256411,0.04811854811854812,0.05518853124871332,0.06713649927305397,0.6163175407545272,0.8403263403263403
