K,NDCG@10,NDCG@20,NDCG@50,RECALL@10,RECALL@20,RECALL@50,MAP@10,MAP@20,MAP@50,RMSE,Accuracy
10,0.7293484859524022,0.7293484859524022,0.7293484859524022,1.0,1.0,1.0,0.6333333333333333,0.6333333333333333,0.6333333333333333,0.5333333333333333,0.8666666666666667
20,0.7293484859524022,0.7293484859524022,0.7293484859524022,1.0,1.0,1.0,0.6333333333333333,0.6333333333333333,0.6333333333333333,0.5333333333333333,0.8666666666666667
50,0.7293484859524022,0.7293484859524022,0.7293484859524022,1.0,1.0,1.0,0.6333333333333333,0.6333333333333333,0.6333333333333333,0.5333333333333333,0.8666666666666667
100,0.7293484859524022,0.7293484859524022,0.7293484859524022,1.0,1.0,1.0,0.6333333333333333,0.6333333333333333,0.6333333333333333,0.5333333333333333,0.8666666666666667
150,0.7293484859524022,0.7293484859524022,0.7293484859524022,1.0,1.0,1.0,0.6333333333333333,0.6333333333333333,0.6333333333333333,0.5333333333333333,0.8666666666666667
200,0.7293484859524022,0.7293484859524022,0.7293484859524022,1.0,1.0,1.0,0.6333333333333333,0.6333333333333333,0.6333333333333333,0.5333333333333333,0.8666666666666667
