category,split,n_users,rmse,accuracy,recall@10,ndcg@10,map@10,recall@20,ndcg@20,map@20,recall@50,ndcg@50,map@50
Electronics,test,349,0.8640029711998104,0.833810888252149,0.6131805157593123,0.26879709995360956,0.16822213125938057,0.7765042979942693,0.3081128804004765,0.17798799658957384,1.0,0.35631774970153035,0.18736379690781843
Beauty_and_Personal_Care,test,304,0.7767665684223175,0.7335526315789473,0.5164473684210527,0.19339980238584262,0.09847143901420216,0.944078947368421,0.2995468085122077,0.12661500388224559,1.0,0.3120553865629267,0.12925655093168742
Sports_and_Outdoors,test,147,0.8647750146625084,0.8299319727891157,0.3877551020408163,0.17482237584564045,0.11091674765144152,0.8707482993197279,0.2951823769824194,0.1430403543193396,1.0,0.32392838118495787,0.1490332276591517
