category,split,n_users,rmse,accuracy,recall@10,ndcg@10,map@10,recall@20,ndcg@20,map@20,recall@50,ndcg@50,map@50
Electronics,test,675,0.6736450175885801,0.8222222222222222,0.09185185185185185,0.04043755958433517,0.025160493827160495,0.18074074074074073,0.0620462986948172,0.030636944290023067,0.5096296296296297,0.12633910431322387,0.04058390850194962
Beauty_and_Personal_Care,test,65,1.0461538461538462,0.7230769230769231,1.0,0.4409571826236053,0.2702197802197802,1.0,0.4409571826236053,0.2702197802197802,1.0,0.4409571826236053,0.2702197802197802
Sports_and_Outdoors,test,11,0.5454545454545454,0.8181818181818182,1.0,0.7986889564935225,0.7272727272727273,1.0,0.7986889564935225,0.7272727272727273,1.0,0.7986889564935225,0.7272727272727273
