K,NDCG@10,NDCG@20,NDCG@50,RECALL@10,RECALL@20,RECALL@50,MAP@10,MAP@20,MAP@50,RMSE,Accuracy
10,0.044651272487576776,0.06714006091367039,0.13186756449244563,0.09673659673659674,0.18764568764568765,0.5221445221445221,0.029048729048729047,0.03496162060836551,0.044687056487827455,0.6168197974180564,0.8391608391608392
20,0.044651272487576776,0.06714006091367039,0.13186756449244563,0.09673659673659674,0.18764568764568765,0.5221445221445221,0.029048729048729047,0.034961620608365496,0.044687056487827455,0.6168197974180564,0.8391608391608392
50,0.044651272487576776,0.06714006091367039,0.13186756449244563,0.09673659673659674,0.18764568764568765,0.5221445221445221,0.029048729048729047,0.03496162060836551,0.044687056487827455,0.6168197974180564,0.8391608391608392
