K,NDCG@10,NDCG@20,NDCG@50,RECALL@10,RECALL@20,RECALL@50,MAP@10,MAP@20,MAP@50,RMSE,Accuracy
10,0.5458754708267749,0.5458754708267749,0.5458754708267749,1.0,1.0,1.0,0.40259740259740256,0.40259740259740256,0.40259740259740256,0.9444444468527129,0.7878787878787878
20,0.5458754708267748,0.5458754708267748,0.5458754708267748,1.0,1.0,1.0,0.40259740259740256,0.40259740259740256,0.40259740259740256,0.9444444468527129,0.7878787878787878
50,0.5458754708267748,0.5458754708267748,0.5458754708267748,1.0,1.0,1.0,0.4025974025974026,0.4025974025974026,0.4025974025974026,0.9444444468527129,0.7878787878787878
