K,NDCG@10,NDCG@20,NDCG@50,RECALL@10,RECALL@20,RECALL@50,MAP@10,MAP@20,MAP@50,RMSE,Accuracy
10,0.22376449765137968,0.32223499523900595,0.33153117995699916,0.5684523809523809,0.9583333333333334,1.0,0.12249385865457295,0.14950188009813173,0.15145379722862032,0.7655257935877199,0.7113095238095238
20,0.22376449765137968,0.32223499523900595,0.3315311799569991,0.5684523809523809,0.9583333333333334,1.0,0.12249385865457295,0.14950188009813176,0.15145379722862032,0.76552579358772,0.7113095238095238
50,0.22376449765137965,0.322234995239006,0.3315311799569991,0.5684523809523809,0.9583333333333334,1.0,0.12249385865457295,0.14950188009813173,0.15145379722862032,0.7655257935877199,0.7113095238095238
