K,NDCG@10,NDCG@20,NDCG@50,RECALL@10,RECALL@20,RECALL@50,MAP@10,MAP@20,MAP@50,RMSE,Accuracy
10,0.27554467745344763,0.3215874173777086,0.370031604214728,0.5855263157894737,0.7763157894736842,1.0,0.18286950013923697,0.19438004183910165,0.20389296138205554,0.8421946070347612,0.8135964912280702
20,0.27554467745344763,0.3215874173777086,0.37003160421472797,0.5855263157894737,0.7763157894736842,1.0,0.18286950013923697,0.19438004183910165,0.20389296138205554,0.8421946070347613,0.8135964912280702
50,0.27554467745344763,0.3215874173777086,0.370031604214728,0.5855263157894737,0.7763157894736842,1.0,0.18286950013923697,0.19438004183910165,0.20389296138205554,0.8421946070347613,0.8135964912280702
