category,split,n_users,rmse,accuracy,recall@10,ndcg@10,map@10,recall@20,ndcg@20,map@20,recall@50,ndcg@50,map@50
Electronics,valid,456,NaN,NaN,0.4373401534526854,0.21125345698234588,0.1416727560589453,0.7391304347826086,0.28722415624952446,0.1623871610676105,1.0,0.3434196125235872,0.17328500701827532
Beauty_and_Personal_Care,valid,336,NaN,NaN,0.5116279069767442,0.23977706469380702,0.1579149747754399,0.9418604651162791,0.34809688811911216,0.18736661801677282,1.0,0.3610480652506746,0.19007644049403716
Sports_and_Outdoors,valid,157,NaN,NaN,0.4589041095890411,0.2122905119151163,0.13775820830615348,0.9178082191780822,0.3278550103684616,0.1692525219736934,1.0,0.34615536188935525,0.1730774641547999
