category,split,n_users,rmse,accuracy,recall@10,ndcg@10,map@10,recall@20,ndcg@20,map@20,recall@50,ndcg@50,map@50
Electronics,test,675,NaN,NaN,0.08828828828828829,0.04040075701959977,0.026219791219791216,0.2036036036036036,0.06866408160411623,0.03351273247558078,0.5585585585585585,0.1382554540301027,0.04437261654318952
Beauty_and_Personal_Care,test,65,NaN,NaN,1.0,0.4741064338493648,0.3080298786181139,1.0,0.4741064338493648,0.3080298786181139,1.0,0.4741064338493648,0.3080298786181139
Sports_and_Outdoors,test,11,NaN,NaN,1.0,0.704743802857166,0.6,1.0,0.704743802857166,0.6,1.0,0.704743802857166,0.6
