category,split,n_users,rmse,accuracy,recall@10,ndcg@10,map@10,recall@20,ndcg@20,map@20,recall@50,ndcg@50,map@50
Electronics,test,349,0.8194902111716574,0.7908309455587392,0.2836676217765043,0.11802037420624888,0.07092031655068905,0.7994269340974212,0.25029861127073766,0.10825789343036764,1.0,0.2936583610493934,0.11673749442772122
Beauty_and_Personal_Care,test,304,0.7681131682723585,0.7203947368421053,0.4868421052631579,0.2305722327658973,0.154312865497076,0.9539473684210527,0.3486055479117966,0.1866772164674489,1.0,0.3588907359381313,0.18884171863195104
Sports_and_Outdoors,test,147,0.8376046589442662,0.8095238095238095,0.5510204081632653,0.2403666687134722,0.15163049346722815,0.9727891156462585,0.3456115739347128,0.17982247785748132,1.0,0.3516918202075715,0.18110350975075815
