category,split,n_users,rmse,accuracy,recall@10,ndcg@10,map@10,recall@20,ndcg@20,map@20,recall@50,ndcg@50,map@50
Electronics,test,675,0.9097855343642058,0.7748148148148148,0.15851851851851853,0.07048766851774527,0.04440917107583774,0.2859259259259259,0.10219612479953807,0.05284498567212705,0.6592592592592592,0.1760763386742288,0.06462918154123246
Beauty_and_Personal_Care,test,65,1.0379014455355131,0.7230769230769231,1.0,0.5308198148069393,0.3884249084249084,1.0,0.5308198148069393,0.3884249084249084,1.0,0.5308198148069393,0.3884249084249084
Sports_and_Outdoors,test,11,0.5454545454545454,0.8181818181818182,1.0,0.8322407970779352,0.7727272727272727,1.0,0.8322407970779352,0.7727272727272727,1.0,0.8322407970779352,0.7727272727272727
