K,NDCG@10,NDCG@20,NDCG@50,RECALL@10,RECALL@20,RECALL@50,MAP@10,MAP@20,MAP@50,RMSE,Accuracy
10,0.8277672183333469,0.8277672183333469,0.8277672183333469,1.0,1.0,1.0,0.7666666666666667,0.7666666666666667,0.7666666666666667,0.5333333333333333,0.8666666666666667
