K,NDCG@10,NDCG@20,NDCG@50,RECALL@10,RECALL@20,RECALL@50,MAP@10,MAP@20,MAP@50,RMSE,Accuracy
10,0.0686962946484249,0.10303997345251581,0.18122370458060186,0.15734265734265734,0.29603729603729606,0.6946386946386947,0.04235070485070485,0.05139987071399312,0.06359579135032782,0.7813903026647501,0.8065268065268065
