K,NDCG@10,NDCG@20,NDCG@50,RECALL@10,RECALL@20,RECALL@50,MAP@10,MAP@20,MAP@50,RMSE,Accuracy
10,0.11180444748066078,0.2328254119378168,0.2857100231548141,0.2850877192982456,0.756578947368421,1.0,0.06172027290448343,0.09592105343795908,0.10638272473344046,0.8121809971611402,0.7828947368421053
