K,NDCG@10,NDCG@20,NDCG@50,RECALL@10,RECALL@20,RECALL@50,MAP@10,MAP@20,MAP@50,RMSE,Accuracy
10,0.21721732660225496,0.32743397239697203,0.33310669282595395,0.5286624203821656,0.9745222929936306,1.0,0.12790415529269034,0.1568206965909141,0.15800634745809364,0.8581622428111128,0.8280254777070064
