K,NDCG@10,NDCG@20,NDCG@50,RECALL@10,RECALL@20,RECALL@50,MAP@10,MAP@20,MAP@50,RMSE,Accuracy
10,0.22314930511452566,0.34164482352920295,0.3509599314302917,0.4851190476190476,0.9583333333333334,1.0,0.14427910052910053,0.17621110780733182,0.17817590887927576,0.7525908168819215,0.6934523809523809
