K,NDCG@10,NDCG@20,NDCG@50,RECALL@10,RECALL@20,RECALL@50,MAP@10,MAP@20,MAP@50,RMSE,Accuracy
10,0.46672302342131344,0.46672302342131344,0.46672302342131344,1.0,1.0,1.0,0.3036435786435786,0.3036435786435786,0.3036435786435786,0.9479142319072377,0.7878787878787878
