category,split,n_users,rmse,accuracy,recall@10,ndcg@10,map@10,recall@20,ndcg@20,map@20,recall@50,ndcg@50,map@50,algorithm
Sports_and_Outdoors,test,11,0.5454545454545454,0.8181818181818182,1.0,0.7315852753246964,0.6363636363636364,1.0,0.7315852753246964,0.6363636363636364,1.0,0.7315852753246964,0.6363636363636364,user
Sports_and_Outdoors,test,11,0.5454545454545454,0.8181818181818182,1.0,0.7651371159091093,0.6818181818181818,1.0,0.7651371159091093,0.6818181818181818,1.0,0.7651371159091093,0.6818181818181818,item
Sports_and_Outdoors,test,11,0.5454545454545454,0.8181818181818182,1.0,0.8322407970779352,0.7727272727272727,1.0,0.8322407970779352,0.7727272727272727,1.0,0.8322407970779352,0.7727272727272727,content
Sports_and_Outdoors,test,11,0.4922732006419789,0.9090909090909091,1.0,0.8322407970779353,0.7727272727272727,1.0,0.8322407970779353,0.7727272727272727,1.0,0.8322407970779353,0.7727272727272727,model
Sports_and_Outdoors,test,11,NaN,NaN,1.0,0.7523719014285831,0.6666666666666666,1.0,0.7523719014285831,0.6666666666666666,1.0,0.7523719014285831,0.6666666666666666,trending
Sports_and_Outdoors,test,11,NaN,NaN,1.0,0.704743802857166,0.6,1.0,0.704743802857166,0.6,1.0,0.704743802857166,0.6,hybrid
